<?xml version="1.0" encoding="UTF-8"?>
<project-private xmlns="http://www.netbeans.org/ns/project-private/1">
    <editor-bookmarks xmlns="http://www.netbeans.org/ns/editor-bookmarks/2" lastBookmarkId="0"/>
    <open-files xmlns="http://www.netbeans.org/ns/projectui-open-files/2">
        <group>
            <file>file:/C:/Users/steve/OneDrive/Documents/8%20files%20assessment/rmihello/src/rmihello/ApplicationServer.java</file>
            <file>file:/C:/Users/steve/OneDrive/Documents/8%20files%20assessment/rmihello/src/rmihello/HelloService.java</file>
            <file>file:/C:/Users/steve/OneDrive/Documents/8%20files%20assessment/rmihello/src/rmihello/Client.java</file>
            <file>file:/C:/Users/steve/OneDrive/Documents/8%20files%20assessment/rmihello/src/rmihello/HelloServant.java</file>
        </group>
    </open-files>
</project-private>
